{
    "beverages": [
        {
            "id": "b5def0fe-61ce-4e89-9ee6-c5fbc540a6be",
            "name": "01 STANDARD AMERICAN BEER",
            "bjcp": "01 STANDARD AMERICAN BEER",
            "abv": "",
            "ibu": null,
            "description": ""
        },
        {
            "id": "2b0a30f7-6b9b-41a3-a153-8681ef4e1429",
            "name": "01A American Light Lager",
            "bjcp": "01A American Light Lager",
            "abv": "",
            "ibu": null,
            "description": ""
        },
        {
            "id": "4d0b226b-d8a9-428a-a6c6-11b1a570ec3e",
            "name": "01B American Lager",
            "bjcp": "01B American Lager",
            "abv": "",
            "ibu": null,
            "description": ""
        },
        {
            "id": "5678b796-8089-4216-a1b1-5f8847240dc0",
            "name": "01C Cream Ale",
            "bjcp": "01C Cream Ale",
            "abv": "",
            "ibu": null,
            "description": ""
        },
        {
            "id": "5a8003a3-eaa7-49eb-adc0-e60ff5acf1c0",
            "name": "01D American Wheat Beer",
            "bjcp": "01D American Wheat Beer",
            "abv": "",
            "ibu": null,
            "description": ""
        },
        {
            "id": "40d4b262-84a3-4a2c-8314-6286398847d2",
            "name": "02 INTERNATIONAL LAGER",
            "bjcp": "02 INTERNATIONAL LAGER",
            "abv": "",
            "ibu": null,
            "description": ""
        },
        {
            "id": "5a2f37cb-4a6c-4147-9af3-5fe21cad2f5e",
            "name": "02A International Pale Lager",
            "bjcp": "02A International Pale Lager",
            "abv": "",
            "ibu": null,
            "description": ""
        },
        {
            "id": "4a06cbb1-4985-4cce-a03e-6541a88317eb",
            "name": "02B International Amber Lager",
            "bjcp": "02B International Amber Lager",
            "abv": "",
            "ibu": null,
            "description": ""
        },
        {
            "id": "080e2faa-b68f-48a5-bf8f-cf3037005d07",
            "name": "02C International Dark Lager",
            "bjcp": "02C International Dark Lager",
            "abv": "",
            "ibu": null,
            "description": ""
        },
        {
            "id": "e96ad68c-bef3-45eb-a908-bf8f7c5e7271",
            "name": "03 CZECH LAGER",
            "bjcp": "03 CZECH LAGER",
            "abv": "",
            "ibu": null,
            "description": ""
        },
        {
            "id": "d2e886fb-770d-465c-bde4-381eb8bc5007",
            "name": "03A Czech Pale Lager",
            "bjcp": "03A Czech Pale Lager",
            "abv": "",
            "ibu": null,
            "description": ""
        },
        {
            "id": "59ca8155-6941-4330-9612-41d447888757",
            "name": "03B Czech Premium Pale Lager",
            "bjcp": "03B Czech Premium Pale Lager",
            "abv": "",
            "ibu": null,
            "description": ""
        },
        {
            "id": "175d0ab1-5245-4360-ae06-7e3bd66f9bce",
            "name": "03C Czech Amber Lager",
            "bjcp": "03C Czech Amber Lager",
            "abv": "",
            "ibu": null,
            "description": ""
        },
        {
            "id": "aed1f194-27fd-4d29-ad60-1c46fff03cdc",
            "name": "03D Czech Dark Lager",
            "bjcp": "03D Czech Dark Lager",
            "abv": "",
            "ibu": null,
            "description": ""
        },
        {
            "id": "96a8ee6f-9985-46f6-bf3f-abacd3e35002",
            "name": "04 PALE MALTY EUROPEAN LAGER",
            "bjcp": "04 PALE MALTY EUROPEAN LAGER",
            "abv": "",
            "ibu": null,
            "description": ""
        },
        {
            "id": "1a32b31c-7436-49d9-9050-9e5cf53e6459",
            "name": "04A Munich Helles",
            "bjcp": "04A Munich Helles",
            "abv": "",
            "ibu": null,
            "description": ""
        },
        {
            "id": "2d3649f1-0507-42ae-9614-84af4835642c",
            "name": "04B Festbier",
            "bjcp": "04B Festbier",
            "abv": "",
            "ibu": null,
            "description": ""
        },
        {
            "id": "96458d25-9f77-42be-93a6-cc3af3fb2b1d",
            "name": "04C Helles Bock",
            "bjcp": "04C Helles Bock",
            "abv": "",
            "ibu": null,
            "description": ""
        },
        {
            "id": "905980f7-9f99-48af-8ae8-27a26be5c04d",
            "name": "05 PALE BITTER EUROPEAN BEER",
            "bjcp": "05 PALE BITTER EUROPEAN BEER",
            "abv": "",
            "ibu": null,
            "description": ""
        },
        {
            "id": "6c310e3a-d1f2-445c-98fa-df33c6cab736",
            "name": "05A German Leichtbier",
            "bjcp": "05A German Leichtbier",
            "abv": "",
            "ibu": null,
            "description": ""
        },
        {
            "id": "6515d20f-8a4d-49bc-b78f-8183edfcd518",
            "name": "05B K\u00f6lsch",
            "bjcp": "05B K\u00f6lsch",
            "abv": "",
            "ibu": null,
            "description": ""
        },
        {
            "id": "d8f9d221-433c-44d2-b3f3-98940b6bc6eb",
            "name": "05C German Helles Exportbier",
            "bjcp": "05C German Helles Exportbier",
            "abv": "",
            "ibu": null,
            "description": ""
        },
        {
            "id": "744aaf54-8575-4230-8a32-db4bb2b10b53",
            "name": "05D German Pils",
            "bjcp": "05D German Pils",
            "abv": "",
            "ibu": null,
            "description": ""
        },
        {
            "id": "9ad407d7-c026-4eb5-bc59-61ef85529b3a",
            "name": "06 AMBER MALTY EUROPEAN LAGER",
            "bjcp": "06 AMBER MALTY EUROPEAN LAGER",
            "abv": "",
            "ibu": null,
            "description": ""
        },
        {
            "id": "e877f1e7-9551-43a4-8131-16d0d920b37d",
            "name": "06A M\u00e4rzen",
            "bjcp": "06A M\u00e4rzen",
            "abv": "",
            "ibu": null,
            "description": ""
        },
        {
            "id": "f677de6b-5695-4109-a829-d0d065333346",
            "name": "06B Rauchbier",
            "bjcp": "06B Rauchbier",
            "abv": "",
            "ibu": null,
            "description": ""
        },
        {
            "id": "36b436bd-4e4e-4983-a67b-7e69739b82a0",
            "name": "06C Dunkles Bock",
            "bjcp": "06C Dunkles Bock",
            "abv": "",
            "ibu": null,
            "description": ""
        },
        {
            "id": "1ddb4d44-88e1-42b4-b69a-462453cee0ef",
            "name": "07 AMBER BITTER EUROPEAN BEER",
            "bjcp": "07 AMBER BITTER EUROPEAN BEER",
            "abv": "",
            "ibu": null,
            "description": ""
        },
        {
            "id": "65f435b5-8dd3-47a4-a2b0-0e9c49481b69",
            "name": "07A Vienna Lager",
            "bjcp": "07A Vienna Lager",
            "abv": "",
            "ibu": null,
            "description": ""
        },
        {
            "id": "a7857f79-026d-454e-9824-c6b55155852a",
            "name": "07B Altbier",
            "bjcp": "07B Altbier",
            "abv": "",
            "ibu": null,
            "description": ""
        },
        {
            "id": "634a523e-578b-4cf0-9307-e5acbe9ca87e",
            "name": "07C Kellerbier",
            "bjcp": "07C Kellerbier",
            "abv": "",
            "ibu": null,
            "description": ""
        },
        {
            "id": "da5d0507-e184-45ca-beae-22a0c305d922",
            "name": "07C Pale Kellerbier",
            "bjcp": "07C Pale Kellerbier",
            "abv": "",
            "ibu": null,
            "description": ""
        },
        {
            "id": "5173b595-e669-45a5-9736-8ebc3c796827",
            "name": "07C Amber Kellerbier",
            "bjcp": "07C Amber Kellerbier",
            "abv": "",
            "ibu": null,
            "description": ""
        },
        {
            "id": "4df32902-5258-4156-8bed-0e8aba06791b",
            "name": "08 DARK EUROPEAN LAGER",
            "bjcp": "08 DARK EUROPEAN LAGER",
            "abv": "",
            "ibu": null,
            "description": ""
        },
        {
            "id": "828070f4-5c4a-4a6e-8604-79c0825c139b",
            "name": "08A Munich Dunkel",
            "bjcp": "08A Munich Dunkel",
            "abv": "",
            "ibu": null,
            "description": ""
        },
        {
            "id": "46e5bce5-ea30-4f75-8d5e-9d7664e143de",
            "name": "08B Schwarzbier",
            "bjcp": "08B Schwarzbier",
            "abv": "",
            "ibu": null,
            "description": ""
        },
        {
            "id": "9df05d58-9828-4083-a0e6-7776f1cac240",
            "name": "09 STRONG EUROPEAN BEER",
            "bjcp": "09 STRONG EUROPEAN BEER",
            "abv": "",
            "ibu": null,
            "description": ""
        },
        {
            "id": "4b497624-c1e4-44d5-902a-29679fa54ec7",
            "name": "09A Doppelbock",
            "bjcp": "09A Doppelbock",
            "abv": "",
            "ibu": null,
            "description": ""
        },
        {
            "id": "d7879d81-329d-45d7-8a9d-732410dfec94",
            "name": "09B Eisbock",
            "bjcp": "09B Eisbock",
            "abv": "",
            "ibu": null,
            "description": ""
        },
        {
            "id": "2ca9e454-6a3e-4bac-a184-7dccb38a1b04",
            "name": "09C Baltic Porter",
            "bjcp": "09C Baltic Porter",
            "abv": "",
            "ibu": null,
            "description": ""
        },
        {
            "id": "ee0442b3-8f3e-4dab-8528-70ed2c54c844",
            "name": "10 GERMAN WHEAT BEER",
            "bjcp": "10 GERMAN WHEAT BEER",
            "abv": "",
            "ibu": null,
            "description": ""
        },
        {
            "id": "1ebd3a65-cb36-432b-ab59-59de1698e812",
            "name": "10A Weissbier",
            "bjcp": "10A Weissbier",
            "abv": "",
            "ibu": null,
            "description": ""
        },
        {
            "id": "e8fd5feb-1fb3-4639-adcf-bd3965fbe439",
            "name": "10B Dunkles Weissbier",
            "bjcp": "10B Dunkles Weissbier",
            "abv": "",
            "ibu": null,
            "description": ""
        },
        {
            "id": "3dcbf721-394b-463c-957d-dae1b215b3b4",
            "name": "10C Weizenbock",
            "bjcp": "10C Weizenbock",
            "abv": "",
            "ibu": null,
            "description": ""
        },
        {
            "id": "822ada22-ab63-41e6-8f89-bea8868ae7eb",
            "name": "11 BRITISH BITTER",
            "bjcp": "11 BRITISH BITTER",
            "abv": "",
            "ibu": null,
            "description": ""
        },
        {
            "id": "759c583f-dc91-44f8-a8c6-b4f5f8c82e41",
            "name": "11A Ordinary Bitter",
            "bjcp": "11A Ordinary Bitter",
            "abv": "",
            "ibu": null,
            "description": ""
        },
        {
            "id": "df238b71-39cf-4659-9744-f91e6d808f50",
            "name": "11B Best Bitter",
            "bjcp": "11B Best Bitter",
            "abv": "",
            "ibu": null,
            "description": ""
        },
        {
            "id": "7255bc44-43cc-4f1b-8b16-6b9850080dd2",
            "name": "11C Strong Bitter",
            "bjcp": "11C Strong Bitter",
            "abv": "",
            "ibu": null,
            "description": ""
        },
        {
            "id": "cf4481f2-9fde-4b82-9664-e8715e221f16",
            "name": "12 PALE COMMONWEALTH BEER",
            "bjcp": "12 PALE COMMONWEALTH BEER",
            "abv": "",
            "ibu": null,
            "description": ""
        },
        {
            "id": "415db1ce-3f2f-474e-9d89-7250e80f2c27",
            "name": "12A British Golden Ale",
            "bjcp": "12A British Golden Ale",
            "abv": "",
            "ibu": null,
            "description": ""
        },
        {
            "id": "20381357-8733-4bc3-b686-aa3301d9433d",
            "name": "12B Australian Sparkling Ale",
            "bjcp": "12B Australian Sparkling Ale",
            "abv": "",
            "ibu": null,
            "description": ""
        },
        {
            "id": "f9f481b1-ec42-471e-b14c-b94576082c5d",
            "name": "12C English IPA",
            "bjcp": "12C English IPA",
            "abv": "",
            "ibu": null,
            "description": ""
        },
        {
            "id": "661e84f6-1f77-4190-8b6b-ca85fc98bdf0",
            "name": "13 BROWN BRITISH BEER",
            "bjcp": "13 BROWN BRITISH BEER",
            "abv": "",
            "ibu": null,
            "description": ""
        },
        {
            "id": "ba7b9a6a-cc97-44bc-9858-16110971d6ce",
            "name": "13A Dark Mild",
            "bjcp": "13A Dark Mild",
            "abv": "",
            "ibu": null,
            "description": ""
        },
        {
            "id": "9ae6162b-a13c-4ca0-87d2-94fba3ae7d8a",
            "name": "13B British Brown Ale",
            "bjcp": "13B British Brown Ale",
            "abv": "",
            "ibu": null,
            "description": ""
        },
        {
            "id": "2b2d6b0d-3cc8-48ad-9324-80170b6b69f8",
            "name": "13C English Porter",
            "bjcp": "13C English Porter",
            "abv": "",
            "ibu": null,
            "description": ""
        },
        {
            "id": "69ad1ea0-b972-4901-8d64-fd24933444c5",
            "name": "14 SCOTTISH ALE",
            "bjcp": "14 SCOTTISH ALE",
            "abv": "",
            "ibu": null,
            "description": ""
        },
        {
            "id": "39ddc752-22af-4943-9312-928d5d1b1ffe",
            "name": "14A Scottish Light",
            "bjcp": "14A Scottish Light",
            "abv": "",
            "ibu": null,
            "description": ""
        },
        {
            "id": "83dce01a-f856-412f-85ef-fdad4c3339c6",
            "name": "14B Scottish Heavy",
            "bjcp": "14B Scottish Heavy",
            "abv": "",
            "ibu": null,
            "description": ""
        },
        {
            "id": "833b6226-a395-406d-bfab-c7e0fccc5a99",
            "name": "14C Scottish Export",
            "bjcp": "14C Scottish Export",
            "abv": "",
            "ibu": null,
            "description": ""
        },
        {
            "id": "0540c83d-8a78-4751-84d3-e0a655ad69b4",
            "name": "15 IRISH BEER",
            "bjcp": "15 IRISH BEER",
            "abv": "",
            "ibu": null,
            "description": ""
        },
        {
            "id": "405deb52-45fe-4490-9fb0-ad78bf2d2cf5",
            "name": "15A Irish Red Ale",
            "bjcp": "15A Irish Red Ale",
            "abv": "",
            "ibu": null,
            "description": ""
        },
        {
            "id": "f47a1e51-ab4f-4681-9166-7b5f8dbdf995",
            "name": "15B Irish Stout",
            "bjcp": "15B Irish Stout",
            "abv": "",
            "ibu": null,
            "description": ""
        },
        {
            "id": "5d790673-1fa4-4b4f-868b-df8d21cb9664",
            "name": "15C Irish Extra Stout",
            "bjcp": "15C Irish Extra Stout",
            "abv": "",
            "ibu": null,
            "description": ""
        },
        {
            "id": "ad56edf3-b075-442a-99f1-fc2867ac4350",
            "name": "16 DARK BRITISH BEER",
            "bjcp": "16 DARK BRITISH BEER",
            "abv": "",
            "ibu": null,
            "description": ""
        },
        {
            "id": "188e0461-4b3f-4f1c-ab5d-f35d2e157643",
            "name": "16A Sweet Stout",
            "bjcp": "16A Sweet Stout",
            "abv": "",
            "ibu": null,
            "description": ""
        },
        {
            "id": "25c5d892-339c-49bd-ae55-60730e0f521e",
            "name": "16B Oatmeal Stout",
            "bjcp": "16B Oatmeal Stout",
            "abv": "",
            "ibu": null,
            "description": ""
        },
        {
            "id": "2183f9d1-dfb0-4d0c-b766-3e1ff66cec53",
            "name": "16C Tropical Stout",
            "bjcp": "16C Tropical Stout",
            "abv": "",
            "ibu": null,
            "description": ""
        },
        {
            "id": "81bafbda-efd8-4901-aafa-62a08ab7a90d",
            "name": "16D Foreign Extra Stout",
            "bjcp": "16D Foreign Extra Stout",
            "abv": "",
            "ibu": null,
            "description": ""
        },
        {
            "id": "98da9dc1-a381-40e8-a0f4-b1b924ceb4c5",
            "name": "17 STRONG BRITISH ALE",
            "bjcp": "17 STRONG BRITISH ALE",
            "abv": "",
            "ibu": null,
            "description": ""
        },
        {
            "id": "7588f88e-e885-4ac8-ac1d-73e21bf2caff",
            "name": "17A British Strong Ale",
            "bjcp": "17A British Strong Ale",
            "abv": "",
            "ibu": null,
            "description": ""
        },
        {
            "id": "1fd350ad-ab28-42ab-b711-295f44b442b8",
            "name": "17B Old Ale",
            "bjcp": "17B Old Ale",
            "abv": "",
            "ibu": null,
            "description": ""
        },
        {
            "id": "21fa2866-621a-49d1-adef-b7bb6ab03519",
            "name": "17C Wee Heavy",
            "bjcp": "17C Wee Heavy",
            "abv": "",
            "ibu": null,
            "description": ""
        },
        {
            "id": "8557066c-0c6b-4b9c-aa2d-54b22caaab2f",
            "name": "17D English Barleywine",
            "bjcp": "17D English Barleywine",
            "abv": "",
            "ibu": null,
            "description": ""
        },
        {
            "id": "7963f27e-086f-43ff-89ef-5afe9701f0ed",
            "name": "18 PALE AMERICAN ALE",
            "bjcp": "18 PALE AMERICAN ALE",
            "abv": "",
            "ibu": null,
            "description": ""
        },
        {
            "id": "6701c793-1fe3-4943-996e-bf29691a5d56",
            "name": "18A Blonde Ale",
            "bjcp": "18A Blonde Ale",
            "abv": "",
            "ibu": null,
            "description": ""
        },
        {
            "id": "bd729b83-9c08-4318-aabd-5c0c77433902",
            "name": "18B American Pale Ale",
            "bjcp": "18B American Pale Ale",
            "abv": "",
            "ibu": null,
            "description": ""
        },
        {
            "id": "6d01a20c-0d9d-4cce-b8d3-4e2272c56b4e",
            "name": "19 AMBER AND BROWN AMERICAN BEER",
            "bjcp": "19 AMBER AND BROWN AMERICAN BEER",
            "abv": "",
            "ibu": null,
            "description": ""
        },
        {
            "id": "0c12b64d-d00f-4a43-9514-a4380b52a55d",
            "name": "19A American Amber Ale",
            "bjcp": "19A American Amber Ale",
            "abv": "",
            "ibu": null,
            "description": ""
        },
        {
            "id": "95e59b0a-7c94-4e5c-957e-34746863b3b0",
            "name": "19B California Common",
            "bjcp": "19B California Common",
            "abv": "",
            "ibu": null,
            "description": ""
        },
        {
            "id": "e8f02508-ed46-4452-9434-e6b80e7486db",
            "name": "19C American Brown Ale",
            "bjcp": "19C American Brown Ale",
            "abv": "",
            "ibu": null,
            "description": ""
        },
        {
            "id": "53ef7cc2-6310-4df3-b3d4-87b6d1e232e9",
            "name": "20 AMERICAN PORTER AND STOUT",
            "bjcp": "20 AMERICAN PORTER AND STOUT",
            "abv": "",
            "ibu": null,
            "description": ""
        },
        {
            "id": "3d7eb084-9af3-46dd-8b75-547bd006dd69",
            "name": "20A American Porter",
            "bjcp": "20A American Porter",
            "abv": "",
            "ibu": null,
            "description": ""
        },
        {
            "id": "c53228d9-7755-4122-aef7-caa89e19f74b",
            "name": "20B American Stout",
            "bjcp": "20B American Stout",
            "abv": "",
            "ibu": null,
            "description": ""
        },
        {
            "id": "d8cfa654-7940-4026-8453-d4d5d9573da2",
            "name": "20C Imperial Stout",
            "bjcp": "20C Imperial Stout",
            "abv": "",
            "ibu": null,
            "description": ""
        },
        {
            "id": "171c65a2-ccdc-4c40-8f9c-853a84e620c0",
            "name": "21 IPA",
            "bjcp": "21 IPA",
            "abv": "",
            "ibu": null,
            "description": ""
        },
        {
            "id": "642014c2-7590-4c20-b9de-40e77695fa9c",
            "name": "21A American IPA",
            "bjcp": "21A American IPA",
            "abv": "",
            "ibu": null,
            "description": ""
        },
        {
            "id": "38c08ed3-c9c8-4186-987b-753113c3ea5b",
            "name": "21B Specialty IPA",
            "bjcp": "21B Specialty IPA",
            "abv": "",
            "ibu": null,
            "description": ""
        },
        {
            "id": "fb3b313b-7eab-454a-847b-9d3a8af30098",
            "name": "21B Belgian IPA",
            "bjcp": "21B Belgian IPA",
            "abv": "",
            "ibu": null,
            "description": ""
        },
        {
            "id": "c0a5222f-c40e-4432-aae5-ebb115491717",
            "name": "21B Black IPA",
            "bjcp": "21B Black IPA",
            "abv": "",
            "ibu": null,
            "description": ""
        },
        {
            "id": "d046233f-cc4a-4fdb-aaf4-8c39d51adf55",
            "name": "21B Brown IPA",
            "bjcp": "21B Brown IPA",
            "abv": "",
            "ibu": null,
            "description": ""
        },
        {
            "id": "aa29e41a-cc50-45cc-80c6-21890d82c7a9",
            "name": "21B Red IPA",
            "bjcp": "21B Red IPA",
            "abv": "",
            "ibu": null,
            "description": ""
        },
        {
            "id": "4b43ec49-4983-416f-b58e-082e991b5c98",
            "name": "21B Rye IPA",
            "bjcp": "21B Rye IPA",
            "abv": "",
            "ibu": null,
            "description": ""
        },
        {
            "id": "7ec31896-2cee-44ab-a5d4-11b66def8146",
            "name": "21B White IPA",
            "bjcp": "21B White IPA",
            "abv": "",
            "ibu": null,
            "description": ""
        },
        {
            "id": "8c54ef97-cc58-4db2-a960-00514db1fd02",
            "name": "22 STRONG AMERICAN ALE",
            "bjcp": "22 STRONG AMERICAN ALE",
            "abv": "",
            "ibu": null,
            "description": ""
        },
        {
            "id": "584c01c5-0056-45cf-afba-c63507cfc50f",
            "name": "22A Double IPA",
            "bjcp": "22A Double IPA",
            "abv": "",
            "ibu": null,
            "description": ""
        },
        {
            "id": "695fddc5-f61b-4fc3-9195-3feb27209645",
            "name": "22B American Strong Ale",
            "bjcp": "22B American Strong Ale",
            "abv": "",
            "ibu": null,
            "description": ""
        },
        {
            "id": "ad15cf07-0532-4439-885b-99893c44a721",
            "name": "22C American Barleywine",
            "bjcp": "22C American Barleywine",
            "abv": "",
            "ibu": null,
            "description": ""
        },
        {
            "id": "39913c45-3262-487f-9307-c9aca4c7f1cd",
            "name": "22D Wheatwine",
            "bjcp": "22D Wheatwine",
            "abv": "",
            "ibu": null,
            "description": ""
        },
        {
            "id": "5fa37170-762b-446b-8c24-ee12b428c3da",
            "name": "23 EUROPEAN SOUR ALE",
            "bjcp": "23 EUROPEAN SOUR ALE",
            "abv": "",
            "ibu": null,
            "description": ""
        },
        {
            "id": "44327367-f6ba-4569-9b89-c7a2c945c525",
            "name": "23A Berliner Weisse",
            "bjcp": "23A Berliner Weisse",
            "abv": "",
            "ibu": null,
            "description": ""
        },
        {
            "id": "2cd27bd1-7aa2-4227-b68d-eaa3e18f6488",
            "name": "23B Flanders Red Ale",
            "bjcp": "23B Flanders Red Ale",
            "abv": "",
            "ibu": null,
            "description": ""
        },
        {
            "id": "4daa00c2-e089-4f92-9565-b99ae1d60c7e",
            "name": "23C Oud Bruin",
            "bjcp": "23C Oud Bruin",
            "abv": "",
            "ibu": null,
            "description": ""
        },
        {
            "id": "d0f661df-471b-4426-9659-ad3c8eaf978d",
            "name": "23D Lambic",
            "bjcp": "23D Lambic",
            "abv": "",
            "ibu": null,
            "description": ""
        },
        {
            "id": "e5a793f9-ca49-407f-98ff-e51932c34db2",
            "name": "23E Gueuze",
            "bjcp": "23E Gueuze",
            "abv": "",
            "ibu": null,
            "description": ""
        },
        {
            "id": "319d4b1a-358b-4214-aa3b-10bd7c46cb09",
            "name": "23F Fruit Lambic",
            "bjcp": "23F Fruit Lambic",
            "abv": "",
            "ibu": null,
            "description": ""
        },
        {
            "id": "5c3a43d5-4815-4a50-95d7-7f7027f1ba95",
            "name": "24 BELGIAN ALE",
            "bjcp": "24 BELGIAN ALE",
            "abv": "",
            "ibu": null,
            "description": ""
        },
        {
            "id": "e879074b-49b6-4ac8-afe1-1d06bc8e956f",
            "name": "24A Witbier",
            "bjcp": "24A Witbier",
            "abv": "",
            "ibu": null,
            "description": ""
        },
        {
            "id": "1ca306b3-41b0-4f23-b0e6-dcf651e512f8",
            "name": "24B Belgian Pale Ale",
            "bjcp": "24B Belgian Pale Ale",
            "abv": "",
            "ibu": null,
            "description": ""
        },
        {
            "id": "1473d1ef-750b-43c7-8579-5da500ac5435",
            "name": "24C Bi\u00e8re de Garde",
            "bjcp": "24C Bi\u00e8re de Garde",
            "abv": "",
            "ibu": null,
            "description": ""
        },
        {
            "id": "e936286d-d5e1-4425-9d77-a4f54ecc363f",
            "name": "25 STRONG BELGIAN ALE",
            "bjcp": "25 STRONG BELGIAN ALE",
            "abv": "",
            "ibu": null,
            "description": ""
        },
        {
            "id": "91534e89-f6f3-4dcc-a6d5-6e3709a2fc2e",
            "name": "25A Belgian Blond Ale",
            "bjcp": "25A Belgian Blond Ale",
            "abv": "",
            "ibu": null,
            "description": ""
        },
        {
            "id": "3e1caa25-64dc-46eb-b539-33ae587b94e7",
            "name": "25B Saison",
            "bjcp": "25B Saison",
            "abv": "",
            "ibu": null,
            "description": ""
        },
        {
            "id": "4cbcf416-a282-484a-8d8a-8ad0c9ce8afc",
            "name": "25C Belgian Golden Strong Ale",
            "bjcp": "25C Belgian Golden Strong Ale",
            "abv": "",
            "ibu": null,
            "description": ""
        },
        {
            "id": "b7554051-6a76-4207-81cb-7c5f92fdc785",
            "name": "26 TRAPPIST ALE",
            "bjcp": "26 TRAPPIST ALE",
            "abv": "",
            "ibu": null,
            "description": ""
        },
        {
            "id": "c87be307-eae6-4d5b-9c98-0f8689658296",
            "name": "26A Trappist Single",
            "bjcp": "26A Trappist Single",
            "abv": "",
            "ibu": null,
            "description": ""
        },
        {
            "id": "60507fe7-86a2-4f25-8dc1-e13746806fb2",
            "name": "26B Belgian Dubbel",
            "bjcp": "26B Belgian Dubbel",
            "abv": "",
            "ibu": null,
            "description": ""
        },
        {
            "id": "84ae7606-a2dc-4c12-b811-a044ec790526",
            "name": "26C Belgian Tripel",
            "bjcp": "26C Belgian Tripel",
            "abv": "",
            "ibu": null,
            "description": ""
        },
        {
            "id": "2056d53a-6fe7-4a71-981d-2fa34804a5e0",
            "name": "26D Belgian Dark Strong Ale",
            "bjcp": "26D Belgian Dark Strong Ale",
            "abv": "",
            "ibu": null,
            "description": ""
        },
        {
            "id": "3fb3c7b5-f874-4b08-a9ed-0cd43265736b",
            "name": "27 HISTORICAL BEER",
            "bjcp": "27 HISTORICAL BEER",
            "abv": "",
            "ibu": null,
            "description": ""
        },
        {
            "id": "0c943fe7-4959-430b-ae40-33c139be2549",
            "name": "27 Gose",
            "bjcp": "27 Gose",
            "abv": "",
            "ibu": null,
            "description": ""
        },
        {
            "id": "c4d8853e-fed6-4925-9dfe-03dc938be178",
            "name": "27 Kentucky Common",
            "bjcp": "27 Kentucky Common",
            "abv": "",
            "ibu": null,
            "description": ""
        },
        {
            "id": "b7ec27b8-27eb-4931-b25b-7c9f2345bcb6",
            "name": "27 Lichtenhainer",
            "bjcp": "27 Lichtenhainer",
            "abv": "",
            "ibu": null,
            "description": ""
        },
        {
            "id": "6abbad0c-180e-4781-b867-c46d54c85055",
            "name": "27 London Brown Ale",
            "bjcp": "27 London Brown Ale",
            "abv": "",
            "ibu": null,
            "description": ""
        },
        {
            "id": "22aa529b-56f2-4447-976b-1cb800c344d0",
            "name": "27 Piwo Grodziskie",
            "bjcp": "27 Piwo Grodziskie",
            "abv": "",
            "ibu": null,
            "description": ""
        },
        {
            "id": "d6df5bc3-0bac-4e5a-96f8-0f65841c20e9",
            "name": "27 Pre-Prohibition Lager",
            "bjcp": "27 Pre-Prohibition Lager",
            "abv": "",
            "ibu": null,
            "description": ""
        },
        {
            "id": "58608527-2174-4912-973c-a817d5187935",
            "name": "27 Pre-Prohibition Porter",
            "bjcp": "27 Pre-Prohibition Porter",
            "abv": "",
            "ibu": null,
            "description": ""
        },
        {
            "id": "840ec5e1-2040-46f1-b49a-4e5db52285dc",
            "name": "27 Roggenbier",
            "bjcp": "27 Roggenbier",
            "abv": "",
            "ibu": null,
            "description": ""
        },
        {
            "id": "6cf18a1c-f9fb-4ccd-a061-a4e11541da16",
            "name": "27 Sahti",
            "bjcp": "27 Sahti",
            "abv": "",
            "ibu": null,
            "description": ""
        },
        {
            "id": "d84203a9-f9d8-4048-9e21-9899e2a053e0",
            "name": "28 AMERICAN WILD ALE",
            "bjcp": "28 AMERICAN WILD ALE",
            "abv": "",
            "ibu": null,
            "description": ""
        },
        {
            "id": "a014cbca-b341-42f3-9a34-662ac1f6d577",
            "name": "28A Brett Beer",
            "bjcp": "28A Brett Beer",
            "abv": "",
            "ibu": null,
            "description": ""
        },
        {
            "id": "b445f086-ae5c-402b-90b5-e70956ae021b",
            "name": "28B Mixed-Fermentation Sour Beer",
            "bjcp": "28B Mixed-Fermentation Sour Beer",
            "abv": "",
            "ibu": null,
            "description": ""
        },
        {
            "id": "b06c984f-e69c-4ddc-a621-a2881ef4ca06",
            "name": "28C Wild Specialty Beer",
            "bjcp": "28C Wild Specialty Beer",
            "abv": "",
            "ibu": null,
            "description": ""
        },
        {
            "id": "9c3166e0-7c9e-45bb-bde5-d2b938e2e607",
            "name": "29 FRUIT BEER",
            "bjcp": "29 FRUIT BEER",
            "abv": "",
            "ibu": null,
            "description": ""
        },
        {
            "id": "f11c4526-1c03-4bd0-b3c4-e3a37973698c",
            "name": "29A Fruit Beer",
            "bjcp": "29A Fruit Beer",
            "abv": "",
            "ibu": null,
            "description": ""
        },
        {
            "id": "843d0887-56e2-4d48-8410-a03da245adc9",
            "name": "29B Fruit and Spice Beer",
            "bjcp": "29B Fruit and Spice Beer",
            "abv": "",
            "ibu": null,
            "description": ""
        },
        {
            "id": "3ea59fac-a2a1-4953-ac60-eb2805e724f4",
            "name": "29C Specialty Fruit Beer",
            "bjcp": "29C Specialty Fruit Beer",
            "abv": "",
            "ibu": null,
            "description": ""
        },
        {
            "id": "ecd3adc1-7d66-4038-aa8d-fcf16437b630",
            "name": "30 SPICED BEER",
            "bjcp": "30 SPICED BEER",
            "abv": "",
            "ibu": null,
            "description": ""
        },
        {
            "id": "9f4fe95c-fec8-49b3-a956-982b72d3f111",
            "name": "30A Spice, Herb, or Vegetable Beer",
            "bjcp": "30A Spice, Herb, or Vegetable Beer",
            "abv": "",
            "ibu": null,
            "description": ""
        },
        {
            "id": "cc2ae75c-bb30-4f36-96a1-506c496385b0",
            "name": "30B Autumn Seasonal Beer",
            "bjcp": "30B Autumn Seasonal Beer",
            "abv": "",
            "ibu": null,
            "description": ""
        },
        {
            "id": "5b44e971-e2df-439e-a789-e7165159ad2a",
            "name": "30C Winter Seasonal Beer",
            "bjcp": "30C Winter Seasonal Beer",
            "abv": "",
            "ibu": null,
            "description": ""
        },
        {
            "id": "5fa0d839-bc46-481a-bd7e-6e9a98381858",
            "name": "31 ALTERNATIVE FERMENTABLES BEER",
            "bjcp": "31 ALTERNATIVE FERMENTABLES BEER",
            "abv": "",
            "ibu": null,
            "description": ""
        },
        {
            "id": "5483305b-d15a-4378-a388-fbd19ca23637",
            "name": "31A Alternative Grain Beer",
            "bjcp": "31A Alternative Grain Beer",
            "abv": "",
            "ibu": null,
            "description": ""
        },
        {
            "id": "c2580976-7036-49c0-8df4-bb0fa32bb35e",
            "name": "31B Alternative Sugar Beer",
            "bjcp": "31B Alternative Sugar Beer",
            "abv": "",
            "ibu": null,
            "description": ""
        },
        {
            "id": "169cdc58-e08f-4679-bf62-0ea138ec4ffc",
            "name": "32 SMOKED BEER",
            "bjcp": "32 SMOKED BEER",
            "abv": "",
            "ibu": null,
            "description": ""
        },
        {
            "id": "5f0e4594-5e34-44d2-a34e-c3724dbc009f",
            "name": "32A Classic Style Smoked Beer",
            "bjcp": "32A Classic Style Smoked Beer",
            "abv": "",
            "ibu": null,
            "description": ""
        },
        {
            "id": "c7cfa441-154b-4793-937b-3abe5d093b26",
            "name": "32B Specialty Smoked Beer",
            "bjcp": "32B Specialty Smoked Beer",
            "abv": "",
            "ibu": null,
            "description": ""
        },
        {
            "id": "1025f1b0-5f7d-49ee-9263-66723e940dff",
            "name": "33 WOOD BEER",
            "bjcp": "33 WOOD BEER",
            "abv": "",
            "ibu": null,
            "description": ""
        },
        {
            "id": "565696fc-44dc-452a-8b2d-5f96f41fdfe2",
            "name": "33A Wood-Aged Beer",
            "bjcp": "33A Wood-Aged Beer",
            "abv": "",
            "ibu": null,
            "description": ""
        },
        {
            "id": "30c87ce8-c08c-40b4-81d0-f401a75e8898",
            "name": "33B Specialty Wood-Aged Beer",
            "bjcp": "33B Specialty Wood-Aged Beer",
            "abv": "",
            "ibu": null,
            "description": ""
        },
        {
            "id": "82f90985-f925-4058-9c9e-cce472d02961",
            "name": "34 SPECIALTY BEER",
            "bjcp": "34 SPECIALTY BEER",
            "abv": "",
            "ibu": null,
            "description": ""
        },
        {
            "id": "c8a584d0-2930-4133-a43b-bfbe37212a2e",
            "name": "34A Clone Beer",
            "bjcp": "34A Clone Beer",
            "abv": "",
            "ibu": null,
            "description": ""
        },
        {
            "id": "684074c7-a52b-447a-ae78-23ab91d33723",
            "name": "34B Mixed-Style Beer",
            "bjcp": "34B Mixed-Style Beer",
            "abv": "",
            "ibu": null,
            "description": ""
        },
        {
            "id": "627d3be0-a812-43d0-b8a0-de0ffb8f8958",
            "name": "34C Experimental Beer",
            "bjcp": "34C Experimental Beer",
            "abv": "",
            "ibu": null,
            "description": ""
        }
    ]
}