{
    "beverages": [
        {
            "id": "82087946-f0f8-4e96-bc1a-91c315027a46",
            "name": "01 STANDARD AMERICAN BEER",
            "bjcp": "01 STANDARD AMERICAN BEER",
            "abv": "",
            "ibu": null,
            "description": ""
        },
        {
            "id": "11cb4c83-4e8c-4448-aadb-3d7cbaa88685",
            "name": "01A American Light Lager",
            "bjcp": "01A American Light Lager",
            "abv": "",
            "ibu": null,
            "description": ""
        },
        {
            "id": "225a30bf-4d00-466e-bf82-e8e6e2853cf3",
            "name": "01B American Lager",
            "bjcp": "01B American Lager",
            "abv": "",
            "ibu": null,
            "description": ""
        },
        {
            "id": "48c86a6e-a5f3-40d2-b813-decbe9e54a27",
            "name": "01C Cream Ale",
            "bjcp": "01C Cream Ale",
            "abv": "",
            "ibu": null,
            "description": ""
        },
        {
            "id": "09dadd96-009d-4f78-9bf6-326c95a3c5b0",
            "name": "01D American Wheat Beer",
            "bjcp": "01D American Wheat Beer",
            "abv": "",
            "ibu": null,
            "description": ""
        },
        {
            "id": "ddb33519-57f6-4fcd-89db-68bc591de7d1",
            "name": "02 INTERNATIONAL LAGER",
            "bjcp": "02 INTERNATIONAL LAGER",
            "abv": "",
            "ibu": null,
            "description": ""
        },
        {
            "id": "13f7f9ae-474a-4e52-8082-b9f6ca8e5410",
            "name": "02A International Pale Lager",
            "bjcp": "02A International Pale Lager",
            "abv": "",
            "ibu": null,
            "description": ""
        },
        {
            "id": "049f55b5-0239-486f-85d5-c2e54289a471",
            "name": "02B International Amber Lager",
            "bjcp": "02B International Amber Lager",
            "abv": "",
            "ibu": null,
            "description": ""
        },
        {
            "id": "ccd8c6d1-8502-4932-a732-eaafc9489cfc",
            "name": "02C International Dark Lager",
            "bjcp": "02C International Dark Lager",
            "abv": "",
            "ibu": null,
            "description": ""
        },
        {
            "id": "cb858abb-ffda-44c1-9f6b-09ddd34837ea",
            "name": "03 CZECH LAGER",
            "bjcp": "03 CZECH LAGER",
            "abv": "",
            "ibu": null,
            "description": ""
        },
        {
            "id": "3b389429-2dcb-4e9d-b2cf-1f213746a266",
            "name": "03A Czech Pale Lager",
            "bjcp": "03A Czech Pale Lager",
            "abv": "",
            "ibu": null,
            "description": ""
        },
        {
            "id": "1ba030dc-dcb6-4289-9f91-c900dc77f9a8",
            "name": "03B Czech Premium Pale Lager",
            "bjcp": "03B Czech Premium Pale Lager",
            "abv": "",
            "ibu": null,
            "description": ""
        },
        {
            "id": "5ccaedff-0986-4ed8-89ff-6ae8dc11985d",
            "name": "03C Czech Amber Lager",
            "bjcp": "03C Czech Amber Lager",
            "abv": "",
            "ibu": null,
            "description": ""
        },
        {
            "id": "b511c0a2-32bd-4c24-8832-76380d2caef8",
            "name": "03D Czech Dark Lager",
            "bjcp": "03D Czech Dark Lager",
            "abv": "",
            "ibu": null,
            "description": ""
        },
        {
            "id": "f4aae2f8-fa7b-40d9-89dd-e9b0b1dca446",
            "name": "04 PALE MALTY EUROPEAN LAGER",
            "bjcp": "04 PALE MALTY EUROPEAN LAGER",
            "abv": "",
            "ibu": null,
            "description": ""
        },
        {
            "id": "c7e2cedf-1bd1-4c15-8da7-0c0e06d9fc1c",
            "name": "04A Munich Helles",
            "bjcp": "04A Munich Helles",
            "abv": "",
            "ibu": null,
            "description": ""
        },
        {
            "id": "dd83c59e-6dfa-4a78-9461-da325224a888",
            "name": "04B Festbier",
            "bjcp": "04B Festbier",
            "abv": "",
            "ibu": null,
            "description": ""
        },
        {
            "id": "c00820f1-fe8a-43ff-a95e-81680c6bab34",
            "name": "04C Helles Bock",
            "bjcp": "04C Helles Bock",
            "abv": "",
            "ibu": null,
            "description": ""
        },
        {
            "id": "5f2c1e04-67d4-43c9-a273-d691d8bb053f",
            "name": "05 PALE BITTER EUROPEAN BEER",
            "bjcp": "05 PALE BITTER EUROPEAN BEER",
            "abv": "",
            "ibu": null,
            "description": ""
        },
        {
            "id": "d3f3c34a-3e3a-4fe7-9a09-77d5be4d4e96",
            "name": "05A German Leichtbier",
            "bjcp": "05A German Leichtbier",
            "abv": "",
            "ibu": null,
            "description": ""
        },
        {
            "id": "fce37fa4-b74a-4007-a080-961fee45a46a",
            "name": "05B K\u00f6lsch",
            "bjcp": "05B K\u00f6lsch",
            "abv": "",
            "ibu": null,
            "description": ""
        },
        {
            "id": "5c85d80d-a9c6-41a5-bb9d-b21d23c94ec3",
            "name": "05C German Helles Exportbier",
            "bjcp": "05C German Helles Exportbier",
            "abv": "",
            "ibu": null,
            "description": ""
        },
        {
            "id": "49570e3e-cf70-40ff-87f4-c446ac906f60",
            "name": "05D German Pils",
            "bjcp": "05D German Pils",
            "abv": "",
            "ibu": null,
            "description": ""
        },
        {
            "id": "61031aa8-0879-4aa0-bea4-451f8d1cc0b5",
            "name": "06 AMBER MALTY EUROPEAN LAGER",
            "bjcp": "06 AMBER MALTY EUROPEAN LAGER",
            "abv": "",
            "ibu": null,
            "description": ""
        },
        {
            "id": "d241ddd6-5ee3-4f7f-b1bc-8c06937f2384",
            "name": "06A M\u00e4rzen",
            "bjcp": "06A M\u00e4rzen",
            "abv": "",
            "ibu": null,
            "description": ""
        },
        {
            "id": "59047e16-1a02-4600-a86f-f9f3fe21bba2",
            "name": "06B Rauchbier",
            "bjcp": "06B Rauchbier",
            "abv": "",
            "ibu": null,
            "description": ""
        },
        {
            "id": "fe2d5002-6401-4230-9e98-c26aafd4895c",
            "name": "06C Dunkles Bock",
            "bjcp": "06C Dunkles Bock",
            "abv": "",
            "ibu": null,
            "description": ""
        },
        {
            "id": "06812ec5-55b4-49c1-99c8-7c5f4d5532a5",
            "name": "07 AMBER BITTER EUROPEAN BEER",
            "bjcp": "07 AMBER BITTER EUROPEAN BEER",
            "abv": "",
            "ibu": null,
            "description": ""
        },
        {
            "id": "b5ee5897-4d60-47b0-8b09-1ea66ffa6b53",
            "name": "07A Vienna Lager",
            "bjcp": "07A Vienna Lager",
            "abv": "",
            "ibu": null,
            "description": ""
        },
        {
            "id": "b4fed68f-c771-4cd5-bade-3de93715d061",
            "name": "07B Altbier",
            "bjcp": "07B Altbier",
            "abv": "",
            "ibu": null,
            "description": ""
        },
        {
            "id": "d0e8e880-34ab-405e-96a9-56f4ba28679c",
            "name": "08 DARK EUROPEAN LAGER",
            "bjcp": "08 DARK EUROPEAN LAGER",
            "abv": "",
            "ibu": null,
            "description": ""
        },
        {
            "id": "c9977d85-2ad5-41ce-b610-1137e1537a26",
            "name": "08A Munich Dunkel",
            "bjcp": "08A Munich Dunkel",
            "abv": "",
            "ibu": null,
            "description": ""
        },
        {
            "id": "0628c010-aef8-4ed4-895e-d6c93d6427e6",
            "name": "08B Schwarzbier",
            "bjcp": "08B Schwarzbier",
            "abv": "",
            "ibu": null,
            "description": ""
        },
        {
            "id": "daf62263-2c0a-486c-9f06-ea5ae7ce735f",
            "name": "09 STRONG EUROPEAN BEER",
            "bjcp": "09 STRONG EUROPEAN BEER",
            "abv": "",
            "ibu": null,
            "description": ""
        },
        {
            "id": "990fe5fa-2b61-4f8f-9a4c-61c555a54484",
            "name": "09A Doppelbock",
            "bjcp": "09A Doppelbock",
            "abv": "",
            "ibu": null,
            "description": ""
        },
        {
            "id": "7c6c0a14-8788-416e-87a4-46788907709d",
            "name": "09B Eisbock",
            "bjcp": "09B Eisbock",
            "abv": "",
            "ibu": null,
            "description": ""
        },
        {
            "id": "aefe4cac-0616-46be-be0a-03534d5b8ca2",
            "name": "09C Baltic Porter",
            "bjcp": "09C Baltic Porter",
            "abv": "",
            "ibu": null,
            "description": ""
        },
        {
            "id": "4d317156-c89c-45c4-b611-a2322fccb1b0",
            "name": "10 GERMAN WHEAT BEER",
            "bjcp": "10 GERMAN WHEAT BEER",
            "abv": "",
            "ibu": null,
            "description": ""
        },
        {
            "id": "3be60534-9eb3-4f4f-a37b-081691e908ab",
            "name": "10A Weissbier",
            "bjcp": "10A Weissbier",
            "abv": "",
            "ibu": null,
            "description": ""
        },
        {
            "id": "797126eb-ed55-4a37-8b2f-092afa915dc1",
            "name": "10B Dunkles Weissbier",
            "bjcp": "10B Dunkles Weissbier",
            "abv": "",
            "ibu": null,
            "description": ""
        },
        {
            "id": "2ce81824-0129-4fb8-91de-997f3df17164",
            "name": "10C Weizenbock",
            "bjcp": "10C Weizenbock",
            "abv": "",
            "ibu": null,
            "description": ""
        },
        {
            "id": "1dd1a1c8-28c5-4371-8f6f-322db851642f",
            "name": "11 BRITISH BITTER",
            "bjcp": "11 BRITISH BITTER",
            "abv": "",
            "ibu": null,
            "description": ""
        },
        {
            "id": "0346f699-a57b-4cb1-bb8e-7f9d1c37711a",
            "name": "11A Ordinary Bitter",
            "bjcp": "11A Ordinary Bitter",
            "abv": "",
            "ibu": null,
            "description": ""
        },
        {
            "id": "03cf10ec-98ea-4731-8727-10008a9a447c",
            "name": "11B Best Bitter",
            "bjcp": "11B Best Bitter",
            "abv": "",
            "ibu": null,
            "description": ""
        },
        {
            "id": "a3571b8d-9a47-4065-a666-8056191766c5",
            "name": "11C Strong Bitter",
            "bjcp": "11C Strong Bitter",
            "abv": "",
            "ibu": null,
            "description": ""
        },
        {
            "id": "78cb71e4-93fe-42eb-86b5-42618fc7b500",
            "name": "12 PALE COMMONWEALTH BEER",
            "bjcp": "12 PALE COMMONWEALTH BEER",
            "abv": "",
            "ibu": null,
            "description": ""
        },
        {
            "id": "673c8342-4c67-46d0-953e-81ec4a513c3c",
            "name": "12A British Golden Ale",
            "bjcp": "12A British Golden Ale",
            "abv": "",
            "ibu": null,
            "description": ""
        },
        {
            "id": "439eda05-23ad-4006-8bb1-22cd238de62b",
            "name": "12B Australian Sparkling Ale",
            "bjcp": "12B Australian Sparkling Ale",
            "abv": "",
            "ibu": null,
            "description": ""
        },
        {
            "id": "a3755c31-7d6d-46ee-b620-f4c194b3fab1",
            "name": "12C English IPA",
            "bjcp": "12C English IPA",
            "abv": "",
            "ibu": null,
            "description": ""
        },
        {
            "id": "79f48915-d976-45ea-862c-09a82cea34fb",
            "name": "13 BROWN BRITISH BEER",
            "bjcp": "13 BROWN BRITISH BEER",
            "abv": "",
            "ibu": null,
            "description": ""
        },
        {
            "id": "9a6b7a0a-e9b3-46f2-a0ca-b554e05f36c2",
            "name": "13A Dark Mild",
            "bjcp": "13A Dark Mild",
            "abv": "",
            "ibu": null,
            "description": ""
        },
        {
            "id": "ef2f48d8-eb67-46e9-91e2-a34c4e9664bf",
            "name": "13B British Brown Ale",
            "bjcp": "13B British Brown Ale",
            "abv": "",
            "ibu": null,
            "description": ""
        },
        {
            "id": "e51df4cc-5f28-4928-bae2-b13ac8fb6f91",
            "name": "13C English Porter",
            "bjcp": "13C English Porter",
            "abv": "",
            "ibu": null,
            "description": ""
        },
        {
            "id": "74cdf203-19c2-4826-b9ca-4e5bb0b1057c",
            "name": "14 SCOTTISH ALE",
            "bjcp": "14 SCOTTISH ALE",
            "abv": "",
            "ibu": null,
            "description": ""
        },
        {
            "id": "646c0e58-a62d-4bdd-81fb-c93f0e0bc3f6",
            "name": "14A Scottish Light",
            "bjcp": "14A Scottish Light",
            "abv": "",
            "ibu": null,
            "description": ""
        },
        {
            "id": "0381125a-f84a-48b1-8671-a985cfee2909",
            "name": "14B Scottish Heavy",
            "bjcp": "14B Scottish Heavy",
            "abv": "",
            "ibu": null,
            "description": ""
        },
        {
            "id": "b1291b6d-1b72-416c-a1e7-83ec8a4f4e46",
            "name": "14C Scottish Export",
            "bjcp": "14C Scottish Export",
            "abv": "",
            "ibu": null,
            "description": ""
        },
        {
            "id": "b506d9b9-6f30-4210-a91c-efc230326e7c",
            "name": "15 IRISH BEER",
            "bjcp": "15 IRISH BEER",
            "abv": "",
            "ibu": null,
            "description": ""
        },
        {
            "id": "0b377f7c-83a6-468f-aa8a-8b854437a2b4",
            "name": "15A Irish Red Ale",
            "bjcp": "15A Irish Red Ale",
            "abv": "",
            "ibu": null,
            "description": ""
        },
        {
            "id": "f902c0c7-1a0d-40c5-8696-2577daf390e8",
            "name": "15B Irish Stout",
            "bjcp": "15B Irish Stout",
            "abv": "",
            "ibu": null,
            "description": ""
        },
        {
            "id": "9ba074ba-bae1-4998-b5b1-d63cd0a7b7fa",
            "name": "15C Irish Extra Stout",
            "bjcp": "15C Irish Extra Stout",
            "abv": "",
            "ibu": null,
            "description": ""
        },
        {
            "id": "f622c84d-b7cc-49e0-818b-6bc379ed46ee",
            "name": "16 DARK BRITISH BEER",
            "bjcp": "16 DARK BRITISH BEER",
            "abv": "",
            "ibu": null,
            "description": ""
        },
        {
            "id": "93e9967f-b4ea-40c0-9adc-68a1aaf89a30",
            "name": "16A Sweet Stout",
            "bjcp": "16A Sweet Stout",
            "abv": "",
            "ibu": null,
            "description": ""
        },
        {
            "id": "c62aff03-1c6f-4367-98a4-eb9ac22ebc80",
            "name": "16B Oatmeal Stout",
            "bjcp": "16B Oatmeal Stout",
            "abv": "",
            "ibu": null,
            "description": ""
        },
        {
            "id": "d459b4db-a1a3-4441-ae82-e79ccbc3e4cd",
            "name": "16C Tropical Stout",
            "bjcp": "16C Tropical Stout",
            "abv": "",
            "ibu": null,
            "description": ""
        },
        {
            "id": "44554815-a2c7-47e1-aced-f2448931d935",
            "name": "16D Foreign Extra Stout",
            "bjcp": "16D Foreign Extra Stout",
            "abv": "",
            "ibu": null,
            "description": ""
        },
        {
            "id": "c449ad49-7e83-42e6-aa74-74aef8c6a571",
            "name": "17 STRONG BRITISH ALE",
            "bjcp": "17 STRONG BRITISH ALE",
            "abv": "",
            "ibu": null,
            "description": ""
        },
        {
            "id": "5fa71913-e302-44ea-8a0b-dc8a2e2988d8",
            "name": "17A British Strong Ale",
            "bjcp": "17A British Strong Ale",
            "abv": "",
            "ibu": null,
            "description": ""
        },
        {
            "id": "b851ad0d-5d63-453c-a231-36039d45e6bd",
            "name": "17B Old Ale",
            "bjcp": "17B Old Ale",
            "abv": "",
            "ibu": null,
            "description": ""
        },
        {
            "id": "77a4f6bc-614d-4211-947e-a997450b2eae",
            "name": "17C Wee Heavy",
            "bjcp": "17C Wee Heavy",
            "abv": "",
            "ibu": null,
            "description": ""
        },
        {
            "id": "e9d90287-fa07-4576-bbed-b4bdb584348d",
            "name": "17D English Barley Wine",
            "bjcp": "17D English Barley Wine",
            "abv": "",
            "ibu": null,
            "description": ""
        },
        {
            "id": "d7b41363-c0d6-4272-a154-9e023c20f8da",
            "name": "18 PALE AMERICAN ALE",
            "bjcp": "18 PALE AMERICAN ALE",
            "abv": "",
            "ibu": null,
            "description": ""
        },
        {
            "id": "6acd1417-c7c1-495f-93ed-0a889f23ee18",
            "name": "18A Blonde Ale",
            "bjcp": "18A Blonde Ale",
            "abv": "",
            "ibu": null,
            "description": ""
        },
        {
            "id": "c0993516-514d-4be2-9a3e-dd0e2d70476d",
            "name": "18B American Pale Ale",
            "bjcp": "18B American Pale Ale",
            "abv": "",
            "ibu": null,
            "description": ""
        },
        {
            "id": "6e9db993-87d0-4335-9cc1-516e2d2bc0d1",
            "name": "19 AMBER AND BROWN AMERICAN BEER",
            "bjcp": "19 AMBER AND BROWN AMERICAN BEER",
            "abv": "",
            "ibu": null,
            "description": ""
        },
        {
            "id": "73a6fdb4-bbbd-4fac-a00a-384a6cb7051b",
            "name": "19A American Amber Ale",
            "bjcp": "19A American Amber Ale",
            "abv": "",
            "ibu": null,
            "description": ""
        },
        {
            "id": "96d1fbe6-19f2-4599-8755-bdbb4524d9fd",
            "name": "19B California Common",
            "bjcp": "19B California Common",
            "abv": "",
            "ibu": null,
            "description": ""
        },
        {
            "id": "058b3d48-db61-4f88-9f6a-907c03959684",
            "name": "19C American Brown Ale",
            "bjcp": "19C American Brown Ale",
            "abv": "",
            "ibu": null,
            "description": ""
        },
        {
            "id": "51877986-29d6-4f4e-b1bc-70e3a26347e5",
            "name": "20 AMERICAN PORTER AND STOUT",
            "bjcp": "20 AMERICAN PORTER AND STOUT",
            "abv": "",
            "ibu": null,
            "description": ""
        },
        {
            "id": "ad169be0-17c0-4238-89a3-4bd3b8be1962",
            "name": "20A American Porter",
            "bjcp": "20A American Porter",
            "abv": "",
            "ibu": null,
            "description": ""
        },
        {
            "id": "1fca262f-e041-4dec-b440-f7eb74af6921",
            "name": "20B American Stout",
            "bjcp": "20B American Stout",
            "abv": "",
            "ibu": null,
            "description": ""
        },
        {
            "id": "bb2d0c93-2371-4a25-831a-e3962a5484d7",
            "name": "20C Imperial Stout",
            "bjcp": "20C Imperial Stout",
            "abv": "",
            "ibu": null,
            "description": ""
        },
        {
            "id": "7f61c9c0-1290-4e4e-af08-be4901050c29",
            "name": "21 IPA",
            "bjcp": "21 IPA",
            "abv": "",
            "ibu": null,
            "description": ""
        },
        {
            "id": "140073af-3a31-4560-aa60-e3cb5b2a2f8b",
            "name": "21A American IPA",
            "bjcp": "21A American IPA",
            "abv": "",
            "ibu": null,
            "description": ""
        },
        {
            "id": "3fd18524-9571-4d06-a37b-c8f2931a2391",
            "name": "21B IPA: Belgian IPA",
            "bjcp": "21B IPA: Belgian IPA",
            "abv": "",
            "ibu": null,
            "description": ""
        },
        {
            "id": "5b88416d-7c50-4855-b1e4-48db82cf96dd",
            "name": "21B IPA: Black IPA",
            "bjcp": "21B IPA: Black IPA",
            "abv": "",
            "ibu": null,
            "description": ""
        },
        {
            "id": "50301cf8-001d-4ff7-b471-7324bdb1233a",
            "name": "21B IPA: Brown IPA",
            "bjcp": "21B IPA: Brown IPA",
            "abv": "",
            "ibu": null,
            "description": ""
        },
        {
            "id": "7ccfb256-6916-4cc8-81c6-524598624948",
            "name": "21B IPA: Red IPA",
            "bjcp": "21B IPA: Red IPA",
            "abv": "",
            "ibu": null,
            "description": ""
        },
        {
            "id": "5da32600-e3df-493c-ba98-0cff64dffbc6",
            "name": "21B IPA: Rye IPA",
            "bjcp": "21B IPA: Rye IPA",
            "abv": "",
            "ibu": null,
            "description": ""
        },
        {
            "id": "9f9188dc-4e60-4c88-bdec-90f4c5f07656",
            "name": "21B IPA: White IPA",
            "bjcp": "21B IPA: White IPA",
            "abv": "",
            "ibu": null,
            "description": ""
        },
        {
            "id": "3db7fe9d-650a-4cb4-86ed-8acddc4b71fd",
            "name": "21B IPA: Brut IPA",
            "bjcp": "21B IPA: Brut IPA",
            "abv": "",
            "ibu": null,
            "description": ""
        },
        {
            "id": "83ae41b6-115f-4025-91e5-83480fed5450",
            "name": "21C Hazy IPA",
            "bjcp": "21C Hazy IPA",
            "abv": "",
            "ibu": null,
            "description": ""
        },
        {
            "id": "ab1c0a64-caba-4bb5-af8f-bf93b4eaa1ef",
            "name": "22 STRONG AMERICAN ALE",
            "bjcp": "22 STRONG AMERICAN ALE",
            "abv": "",
            "ibu": null,
            "description": ""
        },
        {
            "id": "c2433f93-eb8e-415b-bd98-cec5279a1a5f",
            "name": "22A Double IPA",
            "bjcp": "22A Double IPA",
            "abv": "",
            "ibu": null,
            "description": ""
        },
        {
            "id": "de9499f1-a3e8-4344-b6b4-4a9cb117869e",
            "name": "22B American Strong Ale",
            "bjcp": "22B American Strong Ale",
            "abv": "",
            "ibu": null,
            "description": ""
        },
        {
            "id": "e577b3c1-6cb7-42f8-84f2-2a88fe86ebec",
            "name": "22C American Barleywine",
            "bjcp": "22C American Barleywine",
            "abv": "",
            "ibu": null,
            "description": ""
        },
        {
            "id": "bc4558bf-cd34-4e33-a7f6-29a98c9d3640",
            "name": "22D Wheatwine",
            "bjcp": "22D Wheatwine",
            "abv": "",
            "ibu": null,
            "description": ""
        },
        {
            "id": "d8008f8c-dbdc-45a7-b548-1780d0653ac9",
            "name": "23 EUROPEAN SOUR ALE",
            "bjcp": "23 EUROPEAN SOUR ALE",
            "abv": "",
            "ibu": null,
            "description": ""
        },
        {
            "id": "3f98c049-72c0-4b15-aa24-0b1c3a63bc15",
            "name": "23A Berliner Weisse",
            "bjcp": "23A Berliner Weisse",
            "abv": "",
            "ibu": null,
            "description": ""
        },
        {
            "id": "fe23b3c3-53be-44d9-a940-6f2d9e1b646c",
            "name": "23B Flanders Red Ale",
            "bjcp": "23B Flanders Red Ale",
            "abv": "",
            "ibu": null,
            "description": ""
        },
        {
            "id": "db933736-ef93-4cd6-b2b4-b762f3f67c69",
            "name": "23C Oud Bruin",
            "bjcp": "23C Oud Bruin",
            "abv": "",
            "ibu": null,
            "description": ""
        },
        {
            "id": "fb934484-70fc-492d-97f0-0738e4e3f869",
            "name": "23D Lambic",
            "bjcp": "23D Lambic",
            "abv": "",
            "ibu": null,
            "description": ""
        },
        {
            "id": "45a71809-d9be-40ad-9243-fc5e7b1b9474",
            "name": "23E Gueuze",
            "bjcp": "23E Gueuze",
            "abv": "",
            "ibu": null,
            "description": ""
        },
        {
            "id": "b004bc20-8926-4af4-8f8d-5411e0f35ec0",
            "name": "23F Fruit Lambic",
            "bjcp": "23F Fruit Lambic",
            "abv": "",
            "ibu": null,
            "description": ""
        },
        {
            "id": "6abfdfaa-fcb5-44de-8eda-3e8a0aee97ab",
            "name": "23G Gose",
            "bjcp": "23G Gose",
            "abv": "",
            "ibu": null,
            "description": ""
        },
        {
            "id": "973d691a-d8bd-4490-8c84-b3c06accef60",
            "name": "24 BELGIAN ALE",
            "bjcp": "24 BELGIAN ALE",
            "abv": "",
            "ibu": null,
            "description": ""
        },
        {
            "id": "e3363050-d00b-4b16-a344-4db013001927",
            "name": "24A Witbier",
            "bjcp": "24A Witbier",
            "abv": "",
            "ibu": null,
            "description": ""
        },
        {
            "id": "eabdc557-46bd-4e8b-a7a7-9dbf911e7408",
            "name": "24B Belgian Pale Ale",
            "bjcp": "24B Belgian Pale Ale",
            "abv": "",
            "ibu": null,
            "description": ""
        },
        {
            "id": "2df68ba2-5bb2-48a8-8080-c83ac645c5fd",
            "name": "24C Bi\u00e8re de Garde",
            "bjcp": "24C Bi\u00e8re de Garde",
            "abv": "",
            "ibu": null,
            "description": ""
        },
        {
            "id": "422ee655-e379-4e58-b0c0-380139bcdca8",
            "name": "25 STRONG BELGIAN ALE",
            "bjcp": "25 STRONG BELGIAN ALE",
            "abv": "",
            "ibu": null,
            "description": ""
        },
        {
            "id": "303fb570-6615-4a96-9c8d-5b213dbe3349",
            "name": "25A Belgian Blond Ale",
            "bjcp": "25A Belgian Blond Ale",
            "abv": "",
            "ibu": null,
            "description": ""
        },
        {
            "id": "0fff6eb4-8884-4e90-b73d-72f1fe54d895",
            "name": "25B Saison",
            "bjcp": "25B Saison",
            "abv": "",
            "ibu": null,
            "description": ""
        },
        {
            "id": "91f872c8-169a-44f2-ad3b-a0a44a20a115",
            "name": "25C Belgian Golden Strong Ale",
            "bjcp": "25C Belgian Golden Strong Ale",
            "abv": "",
            "ibu": null,
            "description": ""
        },
        {
            "id": "8af63800-facd-451a-8c01-333fc733e6df",
            "name": "26 MONASTIC ALE",
            "bjcp": "26 MONASTIC ALE",
            "abv": "",
            "ibu": null,
            "description": ""
        },
        {
            "id": "74e54e83-943c-40be-b135-cdf89bc51474",
            "name": "26A Belgian Single",
            "bjcp": "26A Belgian Single",
            "abv": "",
            "ibu": null,
            "description": ""
        },
        {
            "id": "e98aceaf-aa69-4ae4-ba68-88995e90f320",
            "name": "26B Belgian Dubbel",
            "bjcp": "26B Belgian Dubbel",
            "abv": "",
            "ibu": null,
            "description": ""
        },
        {
            "id": "7d5674b7-2e1b-4246-baaf-221adeaa2406",
            "name": "26C Belgian Tripel",
            "bjcp": "26C Belgian Tripel",
            "abv": "",
            "ibu": null,
            "description": ""
        },
        {
            "id": "e10d6734-054a-46da-8ae8-21a24715e155",
            "name": "26D Belgian Dark Strong Ale",
            "bjcp": "26D Belgian Dark Strong Ale",
            "abv": "",
            "ibu": null,
            "description": ""
        },
        {
            "id": "b60799ad-411e-486c-b656-fb621e446a76",
            "name": "27 Kellerbier",
            "bjcp": "27 Kellerbier",
            "abv": "",
            "ibu": null,
            "description": ""
        },
        {
            "id": "99d4d09d-770e-42c0-aadb-4631fdd5ddf8",
            "name": "27 Kentucky Common",
            "bjcp": "27 Kentucky Common",
            "abv": "",
            "ibu": null,
            "description": ""
        },
        {
            "id": "20702bb5-21fb-44b7-bcca-c5a67429e25d",
            "name": "27 Lichtenhainer",
            "bjcp": "27 Lichtenhainer",
            "abv": "",
            "ibu": null,
            "description": ""
        },
        {
            "id": "fcf8d23e-2ca5-4256-b21c-e1548b6805f0",
            "name": "27 London Brown Ale",
            "bjcp": "27 London Brown Ale",
            "abv": "",
            "ibu": null,
            "description": ""
        },
        {
            "id": "3c51b3fa-c38a-4676-8a5c-a524c93402ef",
            "name": "27 Piwo Grodziskie",
            "bjcp": "27 Piwo Grodziskie",
            "abv": "",
            "ibu": null,
            "description": ""
        },
        {
            "id": "c1e4473d-6481-4ff1-955d-8a91e2b9fad1",
            "name": "27 Pre-Prohibition Lager",
            "bjcp": "27 Pre-Prohibition Lager",
            "abv": "",
            "ibu": null,
            "description": ""
        },
        {
            "id": "5eb63e14-ff5d-4e76-8772-00977977de52",
            "name": "27 Pre-Prohibition Porter",
            "bjcp": "27 Pre-Prohibition Porter",
            "abv": "",
            "ibu": null,
            "description": ""
        },
        {
            "id": "391202e0-4476-4796-8503-d0aeaa193136",
            "name": "27 Roggenbier",
            "bjcp": "27 Roggenbier",
            "abv": "",
            "ibu": null,
            "description": ""
        },
        {
            "id": "1a804177-12fc-4cd7-b2b3-15f17f4155b9",
            "name": "27 Sahti",
            "bjcp": "27 Sahti",
            "abv": "",
            "ibu": null,
            "description": ""
        }
    ]
}